date,AAPL,MSFT,GOOG
2015-12-03,28.799999,49.5887,752.54
2015-12-04,29.7575,51.1532,766.81
2015-12-07,29.57,51.0617,763.25
2015-12-08,29.557501,51.0434,762.37
2015-12-09,28.905001,50.3024,751.61
2015-12-10,29.0425,50.5677,749.46
2015-12-11,28.295,49.4606,738.87
2015-12-14,28.120001,50.4487,747.77
2015-12-15,27.622499,50.5036,743.4
2015-12-16,27.834999,51.3545,758.09
2015-12-17,27.245001,50.9611,749.43
2015-12-18,26.5075,49.5247,739.31
2015-12-21,26.8325,50.1651,747.77
2015-12-22,26.807501,50.6409,750.0
2015-12-23,27.1525,51.0709,750.31
2015-12-24,27.0075,50.9336,748.4
2015-12-28,26.705,51.1898,762.51
2015-12-29,27.184999,51.7388,776.6
2015-12-30,26.83,51.5192,771.0
2015-12-31,26.315001,50.7598,758.88
2016-01-04,26.3375,50.1377,741.84
2016-01-05,25.6775,50.3664,742.58
2016-01-06,25.174999,49.4515,743.62
2016-01-07,24.112499,47.7314,726.39
2016-01-08,24.24,47.8778,714.47
2016-01-11,24.6325,47.8504,716.03
2016-01-12,24.99,48.2895,726.07
2016-01-13,24.3475,47.2465,700.56
2016-01-14,24.879999,48.5914,714.72
2016-01-15,24.282499,46.6518,694.45
2016-01-19,24.165001,46.2584,701.79
2016-01-20,24.1975,46.4688,698.45
2016-01-21,24.075001,46.1852,706.59
2016-01-22,25.355,47.8412,725.25
2016-01-25,24.860001,47.3837,711.67
2016-01-26,24.997499,47.7314,713.04
2016-01-27,23.355,46.8622,699.99
2016-01-28,23.522499,47.6308,730.96
2016-01-29,24.334999,50.403,742.95
2016-02-01,24.1075,50.0553,752.0
2016-02-02,23.620001,48.4908,764.65
2016-02-03,24.0875,47.7223,726.95
2016-02-04,24.15,47.5759,708.01
2016-02-05,23.504999,45.8924,683.57
2016-02-08,23.752501,45.2062,682.74
2016-02-09,23.747499,45.0873,678.11
2016-02-10,23.567499,45.4807,684.12
2016-02-11,23.424999,45.4624,683.11
2016-02-12,23.497499,46.2035,682.4
2016-02-16,24.16,47.0789,691.0
2016-02-17,24.530001,48.3045,708.4
2016-02-18,24.065001,48.0926,697.35
2016-02-19,24.01,47.7516,700.91
2016-02-22,24.219999,48.5164,706.46
2016-02-23,23.672501,47.1619,695.85
2016-02-24,24.025,47.3277,699.56
2016-02-25,24.190001,48.0096,705.75
2016-02-26,24.227501,47.2724,705.07
2016-02-29,24.172501,46.8854,697.77
2016-03-01,25.1325,48.4519,718.81
2016-03-02,25.1875,48.7929,718.85
2016-03-03,25.375,48.24,712.42
2016-03-04,25.752501,47.9451,710.89
2016-03-07,25.467501,47.0236,695.16
2016-03-08,25.2575,47.595,693.97
2016-03-09,25.280001,48.6915,705.24
2016-03-10,25.2925,47.9636,712.82
2016-03-11,25.565001,48.9035,726.82
2016-03-14,25.629999,48.9956,730.49
2016-03-15,26.145,49.3826,728.33
2016-03-16,26.4925,50.083,736.09
2016-03-17,26.450001,50.3686,737.78
2016-03-18,26.48,49.2905,737.6
2016-03-21,26.477501,49.6314,742.09
2016-03-22,26.68,49.825,740.75
2016-03-23,26.532499,49.7328,738.06
2016-03-24,26.4175,49.95399999999999,735.3
2016-03-28,26.297501,49.3366,733.53
2016-03-29,26.92,50.4147,744.77
2016-03-30,27.389999,50.728,750.53
2016-03-31,27.247499,50.8939,744.95
2016-04-01,27.497499,51.2072,749.91
2016-04-04,27.780001,51.0782,745.29
2016-04-05,27.452499,50.2765,737.8
2016-04-06,27.74,50.7925,745.69
2016-04-07,27.135,50.1843,740.28
2016-04-08,27.165001,50.1475,739.15
2016-04-11,27.254999,50.0461,736.1
2016-04-12,27.610001,50.3594,743.09
2016-04-13,28.01,51.0045,751.72
2016-04-14,28.025,51.0137,753.2
2016-04-15,27.4625,51.2809,759.0
2016-04-18,26.870001,52.0273,766.61
2016-04-19,26.727501,51.9628,753.93
2016-04-20,26.782499,51.2256,752.67
2016-04-21,26.4925,51.4007,759.14
2016-04-22,26.42,47.7147,718.77
2016-04-25,26.27,48.0188,723.15
2016-04-26,26.0875,47.4014,708.14
2016-04-27,24.455,46.9407,705.84
2016-04-28,23.7075,45.9823,691.02
2016-04-29,23.434999,45.9547,693.01
2016-05-02,23.41,46.6366,698.21
2016-05-03,23.795,45.8718,692.36
2016-05-04,23.547501,45.9547,695.7
2016-05-05,23.309999,46.0192,701.43
2016-05-06,23.18,46.4339,711.12
2016-05-09,23.1975,46.139,712.9
2016-05-10,23.355,47.0144,723.18
2016-05-11,23.127501,47.0421,715.29
2016-05-12,22.584999,47.4659,713.31
2016-05-13,22.629999,47.0697,710.83
2016-05-16,23.469999,47.7608,716.49
2016-05-17,23.372499,46.87,706.23
2016-05-18,23.639999,47.1484,706.63
2016-05-19,23.549999,46.6937,700.32
2016-05-20,23.805,46.9721,709.74
2016-05-23,24.1075,46.4246,704.24
2016-05-24,24.475,47.8722,720.09
2016-05-25,24.905001,48.364,725.27
2016-05-26,25.102501,48.1506,724.12
2016-05-27,25.0875,48.5496,732.66
2016-05-31,24.965,49.1806,735.72
2016-06-01,24.615,49.0414,734.15
2016-06-02,24.43,48.698,730.4
2016-06-03,24.48,48.0578,722.34
2016-06-06,24.657499,48.3733,716.55
2016-06-07,24.7575,48.3454,716.65
2016-06-08,24.735001,48.2897,728.28
2016-06-09,24.9125,47.9,728.58
2016-06-10,24.7075,47.7701,719.41
2016-06-13,24.334999,46.5267,718.36
2016-06-14,24.365,46.239,718.27
2016-06-15,24.285,46.1091,718.92
2016-06-16,24.387501,46.7587,710.36
2016-06-17,23.8325,46.5174,691.72
2016-06-20,23.775,46.4617,693.71
2016-06-21,23.977501,47.50100000000001,695.94
2016-06-22,23.887501,47.3154,697.46
2016-06-23,24.025,48.1691,701.87
2016-06-24,23.35,46.239,675.22
2016-06-27,23.01,44.9399,668.26
2016-06-28,23.397499,45.8771,680.04
2016-06-29,23.6,46.8978,684.11
2016-06-30,23.9,47.4824,692.1
2016-07-01,23.9725,47.4732,699.21
2016-07-05,23.747499,47.4824,694.95
2016-07-06,23.8825,47.6773,697.77
2016-07-07,23.985001,47.6773,695.36
2016-07-08,24.17,48.53100000000001,705.63
2016-07-11,24.245001,48.8001,715.09
2016-07-12,24.355,49.3754,720.64
2016-07-13,24.217501,49.6538,716.98
2016-07-14,24.6975,49.8672,720.95
2016-07-15,24.695,49.8301,719.85
2016-07-18,24.9575,50.0714,733.78
2016-07-19,24.967501,49.2641,736.96
2016-07-20,24.99,51.8809,741.19
2016-07-21,24.8575,51.7788,738.63
2016-07-22,24.665001,52.4933,742.74
2016-07-25,24.334999,52.6418,739.77
2016-07-26,24.1675,52.6696,738.42
2016-07-27,25.737499,52.1407,741.77
2016-07-28,26.084999,52.1592,745.91
2016-07-29,26.0525,52.5954,768.79
2016-08-01,26.512501,52.5026,772.88
2016-08-02,26.120001,52.5026,771.07
2016-08-03,26.4475,52.8645,773.18
2016-08-04,26.467501,53.2542,771.61
2016-08-05,26.870001,53.7831,782.22
2016-08-08,27.092501,53.8759,781.76
2016-08-09,27.202499,54.0058,784.26
2016-08-10,27.0,53.8388,784.68
2016-08-11,26.9825,54.0986,784.85
2016-08-12,27.045,53.7646,783.22
2016-08-15,27.370001,53.9316,782.44
2016-08-16,27.344999,53.6328,777.14
2016-08-17,27.305,53.7448,779.91
2016-08-18,27.27,53.7822,777.5
2016-08-19,27.34,53.8009,775.42
2016-08-22,27.127501,53.8476,772.15
2016-08-23,27.2125,54.053,772.08
2016-08-24,27.0075,54.109,769.64
2016-08-25,26.8925,54.3144,769.41
2016-08-26,26.735001,54.1837,769.54
2016-08-29,26.705,54.2491,772.15
2016-08-30,26.5,54.053,769.09
2016-08-31,26.525,53.6515,767.05
2016-09-01,26.682501,53.7729,768.78
2016-09-02,26.932501,53.8476,771.46
2016-09-06,26.924999,53.7915,780.08
2016-09-07,27.09,53.8382,780.35
2016-09-08,26.379999,53.6235,775.32
2016-09-09,25.782499,52.4843,759.66
2016-09-12,26.360001,53.2687,769.02
2016-09-13,26.987499,52.7831,759.69
2016-09-14,27.942499,52.53100000000001,762.49
2016-09-15,28.8925,53.3994,771.76
2016-09-16,28.73,53.4554,768.88
2016-09-19,28.395,53.1566,765.7
2016-09-20,28.3925,53.0446,771.41
2016-09-21,28.387501,53.9316,776.22
2016-09-22,28.655001,53.9876,787.21
2016-09-23,28.1775,53.6235,786.9
2016-09-26,28.219999,53.1286,774.21
2016-09-27,28.272499,54.109,783.01
2016-09-28,28.487499,54.1837,781.56
2016-09-29,28.045,53.5955,775.01
2016-09-30,28.262501,53.7822,777.29
2016-10-03,28.129999,53.6141,772.56
2016-10-04,28.25,53.4461,776.43
2016-10-05,28.262501,53.8195,776.47
2016-10-06,28.4725,53.9129,776.86
2016-10-07,28.514999,53.9689,775.08
2016-10-10,29.012501,54.19300000000001,785.94
2016-10-11,29.075001,53.3994,783.07
2016-10-12,29.334999,53.3247,786.14
2016-10-13,29.245001,53.1473,778.19
2016-10-14,29.407499,53.6141,778.53
2016-10-17,29.387501,53.4274,779.96
2016-10-18,29.3675,53.8382,795.26
2016-10-19,29.280001,53.7168,801.5
2016-10-20,29.264999,53.4554,796.97
2016-10-21,29.15,55.7057,799.37
2016-10-24,29.4125,56.9568,813.11
2016-10-25,29.5625,56.9475,807.67
2016-10-26,28.897499,56.6114,799.07
2016-10-27,28.620001,56.1165,795.35
2016-10-28,28.43,55.9017,795.37
2016-10-31,28.385,55.9484,784.54
2016-11-01,27.872499,55.8364,783.61
2016-11-02,27.897499,55.4909,768.7
2016-11-03,27.4575,55.2855,762.13
2016-11-04,27.209999,54.8186,762.02
2016-11-07,27.602501,56.4153,782.52
2016-11-08,27.764999,56.462,790.51
2016-11-09,27.719999,56.1818,785.31
2016-11-10,26.9475,54.8093,762.56
2016-11-11,27.1075,55.1081,754.02
2016-11-14,26.4275,54.2677,736.08
2016-11-15,26.7775,55.3394,758.49
2016-11-16,27.497499,56.0726,764.48
2016-11-17,27.487499,57.0032,771.23
2016-11-18,27.514999,56.7306,760.54
2016-11-21,27.932501,57.21,769.2
2016-11-22,27.950001,57.4544,768.27
2016-11-23,27.807501,56.7776,760.99
2016-11-25,27.9475,56.8998,761.68
2016-11-28,27.8925,56.975,768.24
2016-11-29,27.865,57.4262,770.84
2016-11-30,27.629999,56.646,758.04
2016-12-01,27.372499,55.6496,747.92
2016-12-02,27.475,55.6966,750.5
2016-12-05,27.2775,56.6084,762.52
2016-12-06,27.487499,56.3546,759.11
2016-12-07,27.7575,57.6894,771.19
2016-12-08,28.030001,57.351000000000006,776.42
2016-12-09,28.487499,58.2534,789.29
2016-12-12,28.325001,58.4414,789.27
2016-12-13,28.797501,59.2029,796.1
2016-12-14,28.797501,58.9209,797.07
2016-12-15,28.955,58.8269,797.85
2016-12-16,28.9925,58.5636,790.8
2016-12-19,29.16,59.8045,794.2
2016-12-20,29.237499,59.7293,796.42
2016-12-21,29.264999,59.7293,794.56
2016-12-22,29.0725,59.7387,791.26
2016-12-23,29.129999,59.4473,789.91
2016-12-27,29.315001,59.4849,791.55
2016-12-28,29.190001,59.2123,785.05
2016-12-29,29.182501,59.1277,782.79
2016-12-30,28.955,58.4132,771.82
2017-01-03,29.0375,58.8269,786.14
2017-01-04,29.004999,58.5636,786.9
2017-01-05,29.1525,58.5636,794.02
2017-01-06,29.477501,59.0713,806.15
2017-01-09,29.747499,58.8833,806.65
2017-01-10,29.7775,58.8644,804.79
2017-01-11,29.9375,59.4003,807.91
2017-01-12,29.8125,58.855,806.36
2017-01-13,29.76,58.9397,807.88
2017-01-17,30.0,58.7799,804.61
2017-01-18,29.997499,58.7517,806.07
2017-01-19,29.945,58.5636,802.175
2017-01-20,30.0,58.9773,805.02
2017-01-23,30.02,59.1841,819.31
2017-01-24,29.9925,59.7105,823.87
2017-01-25,30.469999,59.8609,835.67
2017-01-26,30.485001,60.4155,832.15
2017-01-27,30.487499,61.8349,823.31
2017-01-30,30.407499,61.2239,802.32
2017-01-31,30.3375,60.7727,796.79
2017-02-01,32.1875,59.7669,795.695
2017-02-02,32.1325,59.3815,798.53
2017-02-03,32.27,59.8609,801.49
2017-02-06,32.572498,59.8233,801.34
2017-02-07,32.8825,59.6259,806.97
2017-02-08,33.009998,59.5413,808.38
2017-02-09,33.105,60.2181,809.56
2017-02-10,33.029999,60.1617,813.67
2017-02-13,33.322498,60.8385,819.24
2017-02-14,33.755001,61.0655,820.45
2017-02-15,33.877499,61.0277,818.98
2017-02-16,33.837502,61.0182,824.16
2017-02-17,33.93,61.1128,828.07
2017-02-21,34.174999,60.9898,831.66
2017-02-22,34.2775,60.8669,830.76
2017-02-23,34.1325,61.1128,831.33
2017-02-24,34.165001000000004,61.1128,828.64
2017-02-27,34.232498,60.7439,829.28
2017-02-28,34.247501,60.5075,823.21
2017-03-01,34.947498,61.4154,835.24
2017-03-02,34.740002000000004,60.5359,830.63
2017-03-03,34.945,60.7629,829.08
2017-03-06,34.834999,60.7818,827.78
2017-03-07,34.880001,60.9047,831.91
2017-03-08,34.75,61.4627,835.37
2017-03-09,34.669998,61.2168,838.68
2017-03-10,34.785,61.4059,843.25
2017-03-13,34.799999,61.1979,845.54
2017-03-14,34.747501,60.9142,845.62
2017-03-15,35.115002000000004,61.2357,847.2
2017-03-16,35.172501000000004,61.1317,848.78
2017-03-17,34.997501,61.3492,852.12
2017-03-20,35.36500200000001,61.4059,848.4
2017-03-21,34.959999,60.725,830.46
2017-03-22,35.355,61.5005,829.59
2017-03-23,35.23,61.3492,817.58
2017-03-24,35.16,61.4532,814.43
2017-03-27,35.220001,61.5667,819.51
2017-03-28,35.950001,61.7464,820.92
2017-03-29,36.029999,61.9166,831.41
2017-03-30,35.982498,62.1436,831.5
2017-03-31,35.91500100000001,62.2855,829.56
2017-04-03,35.924999,61.9923,838.55
2017-04-04,36.192501,62.1625,834.57
2017-04-05,36.005001,62.0018,831.41
2017-04-06,35.91500100000001,62.1625,827.88
2017-04-07,35.834999,62.1152,824.67
2017-04-10,35.7925,61.9734,824.73
2017-04-11,35.407501,61.9261,823.35
2017-04-12,35.450001,61.6897,824.32
2017-04-13,35.262501,61.4249,823.56
2017-04-17,35.4575,61.9261,837.17
2017-04-18,35.299999,61.841,836.82
2017-04-19,35.169998,61.51,838.21
2017-04-20,35.61000100000001,61.945,841.65
2017-04-21,35.567501,62.7962,843.19
2017-04-24,35.91,63.8648,862.76
2017-04-25,36.1325,64.2337,872.3
2017-04-26,35.919998,64.1486,871.73
2017-04-27,35.947498,64.5647,874.25
2017-04-28,35.912498,64.7444,905.96
2017-05-01,36.645,65.6428,912.57
2017-05-02,36.877499,65.5388,916.44
2017-05-03,36.764999,65.3307,927.04
2017-05-04,36.6325,65.0754,931.66
2017-05-05,37.240002,65.2551,927.13
2017-05-08,38.252499,65.1983,934.3
2017-05-09,38.497501,65.2929,932.17
2017-05-10,38.314999,65.5482,928.78
2017-05-11,38.487499,64.7444,930.6
2017-05-12,39.025002,64.6687,932.22
2017-05-15,38.924999,64.71600000000001,937.08
2017-05-16,38.8675,66.0191,943.0
2017-05-17,37.5625,64.1834,919.62
2017-05-18,38.134998,64.4021,930.24
2017-05-19,38.264999,64.3831,934.01
2017-05-22,38.497501,65.10600000000001,941.86
2017-05-23,38.450001,65.3247,948.82
2017-05-24,38.334999,65.4103,954.96
2017-05-25,38.467499,66.2188,969.54
2017-05-26,38.4025,66.5422,971.47
2017-05-30,38.4175,66.9702,975.88
2017-05-31,38.189999,66.428,964.86
2017-06-01,38.294998,66.6753,966.95
2017-06-02,38.862499,68.2542,975.6
2017-06-05,38.482498,68.7488,983.68
2017-06-06,38.612499,68.9771,976.57
2017-06-07,38.842499,68.8535,980.94
2017-06-08,38.747501,68.435,983.41
2017-06-09,37.244999,66.8846,949.83
2017-06-12,36.355,66.37100000000001,942.9
2017-06-13,36.647499,67.1985,953.4
2017-06-14,36.290001,66.8371,950.76
2017-06-15,36.072498,66.4851,942.31
2017-06-16,35.567501,66.5802,939.78
2017-06-19,36.584999,67.4077,957.37
2017-06-20,36.252499,66.4946,950.63
2017-06-21,36.467499,66.8371,959.45
2017-06-22,36.407501,66.8275,957.09
2017-06-23,36.57,67.7311,965.59
2017-06-26,36.455002,67.0843,952.27
2017-06-27,35.932499,65.8288,927.33
2017-06-28,36.4575,66.39,940.49
2017-06-29,35.919998,65.14399999999999,917.79
2017-06-30,36.005001,65.5625,908.73
2017-07-03,35.875,64.8396,898.7
2017-07-05,36.022499,65.7052,911.71
2017-07-06,35.682499,65.2201,906.69
2017-07-07,36.044998,66.0666,918.59
2017-07-10,36.264999,66.5612,928.8
2017-07-11,36.3825,66.5707,930.09
2017-07-12,36.435001,67.6741,943.83
2017-07-13,36.942501,68.2638,947.16
2017-07-14,37.259998,69.2244,955.99
2017-07-17,37.389999,69.7666,953.42
2017-07-18,37.52,69.719,965.4
2017-07-19,37.755001,70.2517,970.89
2017-07-20,37.584999,70.5941,968.15
2017-07-21,37.567501,70.1851,972.92
2017-07-24,38.022499,70.0044,980.34
2017-07-25,38.185001,70.5656,950.7
2017-07-26,38.365002,70.4324,947.8
2017-07-27,37.639999,69.5859,934.09
2017-07-28,37.375,69.4717,941.53
2017-07-31,37.182499,69.1483,930.5
2017-08-01,37.512501,69.0342,930.83
2017-08-02,39.285,68.7298,930.39
2017-08-03,38.892502,68.6252,923.65
2017-08-04,39.0975,69.1293,927.96
2017-08-07,39.702499,68.863,929.36
2017-08-08,40.02,69.2339,926.79
2017-08-09,40.264999,68.9296,922.9
2017-08-10,38.830002,67.9213,907.24
2017-08-11,39.369999,68.9581,914.39
2017-08-14,39.962502,69.9949,922.67
2017-08-15,40.400002,70.014,922.22
2017-08-16,40.237499,70.4251,926.96
2017-08-17,39.465,69.2299,910.98
2017-08-18,39.375,69.3159,910.67
2017-08-21,39.302502,68.9908,906.66
2017-08-22,39.945,69.9566,924.69
2017-08-23,39.994999,69.5359,927.0
2017-08-24,39.817501,69.5072,921.28
2017-08-25,39.965,69.6315,915.89
2017-08-28,40.3675,69.6411,913.81
2017-08-29,40.727501,69.8514,921.29
2017-08-30,40.837502,70.7694,929.57
2017-08-31,41.0,71.4961,939.33
2017-09-01,41.012501,70.7025,937.34
2017-09-05,40.52,70.3869,928.45
2017-09-06,40.477501,70.1861,927.81
2017-09-07,40.314999,71.0849,935.95
2017-09-08,39.657501,70.7407,926.5
2017-09-11,40.375,71.4865,929.08
2017-09-12,40.215,71.41,932.07
2017-09-13,39.912498,71.9168,935.09
2017-09-14,39.57,71.4961,925.11
2017-09-15,39.970001,72.0125,920.29
2017-09-18,39.6675,71.869,915.0
2017-09-19,39.682499,72.1368,921.81
2017-09-20,39.017502,71.6587,931.58
2017-09-21,38.3475,70.9606,932.45
2017-09-22,37.9725,71.1519,928.53
2017-09-25,37.637501,70.0522,920.97
2017-09-26,38.285,70.0522,924.86
2017-09-27,38.557499,70.6164,944.49
2017-09-28,38.32,70.6355,949.5
2017-09-29,38.529999,71.2284,959.11
2017-10-02,38.452499,71.3431,953.27
2017-10-03,38.619999,71.0084,957.79
2017-10-04,38.369999,71.4196,951.68
2017-10-05,38.8475,72.6436,969.96
2017-10-06,38.825001,72.6723,978.89
2017-10-09,38.959999,72.9496,977.0
2017-10-10,38.974998,72.9496,972.6
2017-10-11,39.137501,73.0739,989.25
2017-10-12,39.0,73.7432,987.83
2017-10-13,39.247501,74.097,989.68
2017-10-16,39.970001,74.25,992.0
2017-10-17,40.1175,74.1926,992.18
2017-10-18,39.939999,74.2118,992.81
2017-10-19,38.994999,74.4986,984.45
2017-10-20,39.0625,75.3592,988.2
2017-10-23,39.0425,75.3783,968.45
2017-10-24,39.275002,75.407,970.54
2017-10-25,39.102501,75.1871,973.33
2017-10-26,39.352501,75.3114,972.56
2017-10-27,40.762501,80.1403,1019.27
2017-10-30,41.68,80.2168,1017.11
2017-10-31,42.259998,79.5379,1016.64
2017-11-01,41.7225,79.5379,1025.5
2017-11-02,42.0275,80.3698,1025.58
2017-11-03,43.125,80.4558,1032.48
2017-11-06,43.5625,80.7714,1025.9
2017-11-07,43.702499,80.5801,1033.33
2017-11-08,44.060001,80.8574,1039.85
2017-11-09,43.970001,80.408,1031.26
2017-11-10,43.6675,80.1977,1028.0699
2017-11-13,43.4925,80.255,1025.75
2017-11-14,42.834999,80.3698,1026.0
2017-11-15,42.27,79.7451,1020.91
2017-11-16,42.775002,79.9565,1032.5
2017-11-17,42.537498,79.1877,1019.09
2017-11-20,42.494999,79.3126,1018.38
2017-11-21,43.285,80.4563,1034.49
2017-11-22,43.740002,79.8701,1035.96
2017-11-24,43.7425,80.0142,1040.61
2017-11-27,43.522499,80.6004,1054.21
2017-11-28,43.267502,81.571,1047.41
2017-11-29,42.369999,80.0911,1021.66
2017-11-30,42.962502,80.8887,1021.41
2017-12-01,42.762501,80.9752,1010.17
2017-12-04,42.450001,77.9192,998.68
2017-12-05,42.41,78.4093,1005.15
2017-12-06,42.252499,79.5529,1018.38
2017-12-07,42.330002,79.2742,1030.9301
2017-12-08,42.342499,80.8791,1037.05
2017-12-11,43.1675,81.9074,1041.1
2017-12-12,42.924999,82.2437,1040.48
2017-12-13,43.067501,82.0227,1040.61
2017-12-14,43.055,81.3884,1049.15
2017-12-15,43.4925,83.4642,1064.1899
2017-12-18,44.105,83.0126,1077.14
2017-12-19,43.634998,82.484,1070.6801
2017-12-20,43.587502,82.1861,1064.95
2017-12-21,43.752499,82.1669,1063.63
2017-12-22,43.752499,82.1765,1060.12
2017-12-26,42.642502,82.0708,1056.74
2017-12-27,42.650002,82.3687,1049.37
2017-12-28,42.77,82.3783,1048.14
2017-12-29,42.307499,82.2053,1046.4
2018-01-02,43.064999,82.5993,1065.0
2018-01-03,43.057499,82.9837,1082.48
2018-01-04,43.2575,83.7141,1086.4
2018-01-05,43.75,84.75200000000002,1102.23
2018-01-08,43.587502,84.8385,1106.9399
2018-01-09,43.5825,84.7808,1106.26
2018-01-10,43.572498,84.3964,1102.61
2018-01-11,43.82,84.6463,1105.52
2018-01-12,44.272499,86.10700000000001,1122.26
2018-01-16,44.047501,84.9058,1121.76
2018-01-17,44.775002,86.626,1131.98
2018-01-18,44.814999,86.5875,1129.79
2018-01-19,44.615002,86.4914,1137.51
2018-01-22,44.25,88.0387,1155.8101
2018-01-23,44.259998,88.3174,1169.97
2018-01-24,43.555,88.2405,1164.24
2018-01-25,42.7775,88.7306,1170.37
2018-01-26,42.877499,90.3932,1175.84
2018-01-29,41.990002,90.2586,1175.58
2018-01-30,41.7425,89.1246,1163.6899
2018-01-31,41.857498,91.3061,1169.9399
2018-02-01,41.945,90.5854,1167.7
2018-02-02,40.125,88.20200000000001,1111.9
2018-02-05,39.122501,84.5694,1055.8
2018-02-06,40.7575,87.7696,1080.6
2018-02-07,39.884998,86.1166,1048.58
2018-02-08,38.787498,81.696,1001.52
2018-02-09,39.102501,84.7424,1037.78
2018-02-12,40.677502,85.6553,1051.9399
2018-02-13,41.084999,86.3281,1052.1
2018-02-14,41.842499,87.6798,1069.7
2018-02-15,43.247501,89.46600000000002,1089.52
2018-02-16,43.107498,88.8288,1094.8
2018-02-20,42.962502,89.524,1102.46
2018-02-21,42.767502,88.3364,1111.34
2018-02-22,43.125,88.5681,1106.63
2018-02-23,43.875,90.8178,1126.79
2018-02-26,44.7425,92.1309,1143.75
2018-02-27,44.5975,90.953,1118.29
2018-02-28,44.529999,90.5378,1104.73
2018-03-01,43.75,89.6495,1069.52
2018-03-02,44.052502,89.8426,1078.92
2018-03-05,44.205002,90.4123,1090.9301
2018-03-06,44.1675,90.1033,1095.0601
2018-03-07,43.7575,90.6247,1109.64
2018-03-08,44.235001,91.175,1126.0
2018-03-09,44.994999,93.2123,1160.04
2018-03-12,45.43,93.4344,1164.5
2018-03-13,44.9925,91.1557,1138.17
2018-03-14,44.610001,90.615,1149.49
2018-03-15,44.662498,90.9337,1149.58
2018-03-16,44.505001,91.3392,1135.73
2018-03-19,43.825001,89.6881,1099.8199
2018-03-20,43.810001,89.9198,1097.71
2018-03-21,42.817501,89.2923,1090.88
2018-03-22,42.212502,86.695,1049.08
2018-03-23,41.235001,84.1749,1021.57
2018-03-26,43.192501,90.5474,1053.21
2018-03-27,42.084999,86.38600000000002,1005.1
2018-03-28,41.619999,86.3088,1004.56
2018-03-29,41.945,88.124,1031.79
2018-04-02,41.669998,85.4688,1006.47
2018-04-03,42.0975,86.6177,1013.41
2018-04-04,42.9025,89.1474,1025.14
2018-04-05,43.200001,89.1957,1027.8101
2018-04-06,42.095001,87.1198,1007.04
2018-04-09,42.512501,87.6412,1015.45
2018-04-10,43.3125,89.6785,1031.64
2018-04-11,43.110001,88.6936,1019.97
2018-04-12,43.535,90.3543,1032.51
2018-04-13,43.682499,89.8716,1029.27
2018-04-16,43.955002,90.924,1037.98
2018-04-17,44.560001,92.7585,1074.16
2018-04-18,44.459999,93.1157,1072.08
2018-04-19,43.200001,92.7971,1087.7
2018-04-20,41.43,91.7254,1072.96
2018-04-23,41.310001,92.0633,1067.45
2018-04-24,40.735001,89.9102,1019.98
2018-04-25,40.912498,89.1281,1021.18
2018-04-26,41.055,91.0109,1040.04
2018-04-27,40.580002,92.5171,1030.05
2018-04-30,41.314999,90.2964,1017.33
2018-05-01,42.275002,91.7254,1037.3101
2018-05-02,44.142502,90.2868,1024.38
2018-05-03,44.2225,90.8274,1023.72
2018-05-04,45.9575,91.8799,1048.21
2018-05-07,46.290001,92.9033,1054.79
2018-05-08,46.512501,92.5075,1053.91
2018-05-09,46.84,93.5985,1082.76
2018-05-10,47.509998,94.5351,1097.5699
2018-05-11,47.147499,94.3323,1098.26
2018-05-14,47.037498,94.6509,1100.2
2018-05-15,46.610001,93.9654,1079.23
2018-05-16,47.044998,94.2078,1081.77
2018-05-17,46.747501,93.2672,1078.59
2018-05-18,46.577499,93.4418,1066.36
2018-05-21,46.907501,94.6442,1079.58
2018-05-22,46.790001,94.5472,1069.73
2018-05-23,47.09,95.6721,1079.6899
2018-05-24,47.037498,95.3327,1079.24
2018-05-25,47.145,95.3812,1075.66
2018-05-29,46.974998,95.0418,1060.3199
2018-05-30,46.875,95.9533,1067.8
2018-05-31,46.717499,95.8467,1084.99
2018-06-01,47.560001,97.7376,1119.5
2018-06-04,47.9575,98.591,1139.29
2018-06-05,48.327499,99.0952,1139.66
2018-06-06,48.494999,99.3861,1136.88
2018-06-07,48.365002,97.8249,1123.86
2018-06-08,47.924999,98.5522,1120.87
2018-06-11,47.807499,97.9897,1129.99
2018-06-12,48.07,98.2419,1139.3199
2018-06-13,47.674999,97.7958,1134.79
2018-06-14,47.700001,98.3485,1152.12
2018-06-15,47.209999,97.0976,1152.26
2018-06-18,47.185001,97.8055,1173.46
2018-06-19,46.422501,97.8055,1168.0601
2018-06-20,46.625,98.7849,1169.84
2018-06-21,46.365002,98.077,1157.66
2018-06-22,46.23,97.3691,1155.48
2018-06-25,45.5425,95.4103,1124.8101
2018-06-26,46.107498,96.0794,1118.46
2018-06-27,46.040001,94.586,1103.98
2018-06-28,46.375,95.643,1114.22
2018-06-29,46.2775,95.6236,1115.65
2018-07-02,46.794998,96.9812,1127.46
2018-07-03,45.98,96.0503,1102.89
2018-07-05,46.349998,96.7388,1124.27
2018-07-06,46.9925,98.0964,1140.17
2018-07-09,47.645,98.7655,1154.05
2018-07-10,47.587502,99.0273,1152.84
2018-07-11,46.970001,98.8916,1153.9
2018-07-12,47.7575,101.0346,1183.48
2018-07-13,47.8325,102.2371,1188.8199
2018-07-16,47.727501,101.7328,1183.86
2018-07-17,47.862499,102.7413,1198.8
2018-07-18,47.599998,101.9365,1195.88
2018-07-19,47.970001,101.2383,1186.96
2018-07-20,47.860001,103.0516,1184.91
2018-07-23,47.9025,104.7002,1205.5
2018-07-24,48.25,104.3995,1248.08
2018-07-25,48.705002,107.4735,1263.7
2018-07-26,48.552502,106.3002,1268.33
2018-07-27,47.744999,104.4189,1238.5
2018-07-30,47.477501,102.1789,1219.74
2018-07-31,47.572498,102.8674,1217.26
2018-08-01,50.375,103.0613,1220.01
2018-08-02,51.8475,104.3123,1226.15
2018-08-03,51.997501,104.7681,1223.71
2018-08-06,52.267502,104.8553,1224.77
2018-08-07,51.7775,105.5826,1242.22
2018-08-08,51.8125,106.1741,1245.61
2018-08-09,52.220001,106.3487,1249.1
2018-08-10,51.8825,105.699,1237.61
2018-08-13,52.217499,104.9329,1235.01
2018-08-14,52.4375,106.242,1242.1
2018-08-15,52.560001,104.8013,1214.38
2018-08-16,53.330002,104.7818,1206.49
2018-08-17,54.395,104.7234,1200.96
2018-08-20,53.865002,104.0323,1207.77
2018-08-21,53.759998,103.1659,1201.62
2018-08-22,53.762501,104.2172,1207.33
2018-08-23,53.872501,104.704,1205.38
2018-08-24,54.040001,105.5217,1220.65
2018-08-27,54.485001,106.6898,1241.8199
2018-08-28,54.924999,107.3323,1231.15
2018-08-29,55.744999,109.0455,1249.3
2018-08-30,56.2575,108.9774,1239.12
2018-08-31,56.907501,109.3473,1218.1899
2018-09-04,57.09,108.7438,1197.0
2018-09-05,56.717499,105.6093,1186.48
2018-09-06,55.775002,105.8526,1171.4399
2018-09-07,55.325001,105.3367,1164.83
2018-09-10,54.5825,106.4756,1164.64
2018-09-11,55.962502,108.2862,1177.36
2018-09-12,55.267502,108.7438,1162.8199
2018-09-13,56.602501,109.9119,1175.33
2018-09-14,55.959999,110.3597,1172.53
2018-09-17,54.470001,109.1624,1156.05
2018-09-18,54.560001,110.2039,1161.22
2018-09-19,54.592499,108.734,1171.09
2018-09-20,55.0075,110.5544,1186.87
2018-09-21,54.415001,111.2261,1166.09
2018-09-24,55.197498,111.6252,1173.37
2018-09-25,55.547501,111.411,1184.65
2018-09-26,55.105,110.9535,1180.49
2018-09-27,56.237499,111.3721,1194.64
2018-09-28,56.435001,111.3331,1193.47
2018-10-01,56.814999,112.5402,1195.3101
2018-10-02,57.32,112.0924,1200.11
2018-10-03,58.017502,112.1119,1202.95
2018-10-04,56.997501,109.7951,1168.1899
2018-10-05,56.072498,109.1526,1157.35
2018-10-08,55.942501,107.9066,1148.97
2018-10-09,56.717499,109.2792,1138.8199
2018-10-10,54.09,103.3411,1081.22
2018-10-11,53.612499,103.0978,1079.3199
2018-10-12,55.5275,106.6606,1110.08
2018-10-15,54.34,104.7429,1092.25
2018-10-16,55.537498,108.0526,1121.28
2018-10-17,55.297501,107.7703,1115.6899
2018-10-18,54.005001,105.619,1087.97
2018-10-19,54.827499,105.7748,1096.46
2018-10-22,55.162498,106.719,1101.16
2018-10-23,55.682499,105.2296,1103.6899
2018-10-24,53.772499,99.6031,1050.71
2018-10-25,54.950001,105.4243,1095.5699
2018-10-26,54.075001,104.1199,1071.47
2018-10-29,53.060001,101.0925,1020.08
2018-10-30,53.325001,100.9757,1036.21
2018-10-31,54.715,103.9739,1076.77
2018-11-01,55.555,103.1075,1070.0
2018-11-02,51.869999,103.3411,1057.79
2018-11-05,50.397499,104.6553,1040.09
2018-11-06,50.942501,104.8597,1055.8101
2018-11-07,52.487499,108.9871,1093.39
2018-11-08,52.122501,108.7827,1082.4
2018-11-09,51.1175,106.6606,1066.15
2018-11-12,48.5425,104.0323,1038.63
2018-11-13,48.057499,104.1004,1036.05
2018-11-14,46.700001,102.6242,1043.66
2018-11-15,47.852501,104.8826,1064.71
2018-11-16,48.3825,105.87,1061.49
2018-11-19,46.465,102.282,1020.0
2018-11-20,44.244999,99.437,1025.76
2018-11-21,44.195,100.8057,1037.61
2018-11-23,43.072498,100.7666,1023.88
2018-11-26,43.654999,104.0907,1048.62
2018-11-27,43.560001,104.7457,1044.41
2018-11-28,45.235001,108.6367,1086.23
2018-11-29,44.887501,107.7275,1088.3
2018-11-30,44.645,108.4119,1094.4301
2018-12-03,46.205002,109.5851,1106.4301
2018-12-04,44.172501,106.0948,1050.8199
2018-12-06,43.68,106.7499,1068.73
2018-12-07,42.122501,102.4775,1036.58
2018-12-10,42.400002,105.1856,1039.55
2018-12-11,42.157501,106.1633,1051.75
2018-12-12,42.275002,106.6423,1063.6801
2018-12-13,42.737499,107.0041,1061.9
2018-12-14,41.369999,103.6605,1042.1
2018-12-17,40.985001,100.5907,1016.53
2018-12-18,41.517502,101.6465,1028.71
2018-12-19,40.2225,101.3728,1023.01
2018-12-20,39.2075,99.2415,1009.41
2018-12-21,37.682499,96.0348,979.54
2018-12-24,36.7075,92.0264,976.22
2018-12-26,39.2925,98.3127,1039.46
2018-12-27,39.037498,98.9189,1043.88
2018-12-28,39.057499,98.1465,1037.08
2018-12-31,39.435001,99.3002,1035.61
2019-01-02,39.48,98.8602,1045.85
2019-01-03,35.54750100000001,95.2234,1016.06
2019-01-04,37.064999,99.6521,1070.71
2019-01-07,36.982498,99.7792,1068.39
2019-01-08,37.6875,100.5027,1076.28
2019-01-09,38.327499,101.9398,1074.66
2019-01-10,38.450001,101.2848,1070.33
2019-01-11,38.072498,100.5027,1057.1899
2019-01-14,37.5,99.7694,1044.6899
2019-01-15,38.267502,102.6633,1077.15
2019-01-16,38.735001,103.025,1080.97
2019-01-17,38.965,103.7485,1089.9
2019-01-18,39.205002,105.3029,1098.26
2019-01-22,38.325001,103.3183,1070.52
2019-01-23,38.48,104.3253,1075.5699
2019-01-24,38.174999,103.8267,1073.9
2019-01-25,39.439999,104.775,1090.99
2019-01-28,39.075001,102.7317,1070.08
2019-01-29,38.669998,100.6395,1060.62
2019-01-30,41.3125,104.0027,1089.0601
2019-01-31,41.610001,102.0962,1116.37
2019-02-01,41.630001,100.4831,1110.75
2019-02-04,42.8125,103.377,1132.8
2019-02-05,43.544998,104.8239,1145.99
2019-02-06,43.560001,103.6605,1115.23
2019-02-07,42.735001,102.9175,1098.71
2019-02-08,42.602501,103.3085,1095.0601
2019-02-11,42.357498,102.8979,1095.01
2019-02-12,42.7225,104.5013,1121.37
2019-02-13,42.544998,104.423,1120.16
2019-02-14,42.700001,104.511,1121.67
2019-02-15,42.605,105.8015,1113.65
2019-02-19,42.732498,105.7527,1118.5601
2019-02-20,43.0075,105.2028,1113.8
2019-02-21,42.764999,107.4218,1096.97
2019-02-22,43.2425,108.9534,1110.37
2019-02-25,43.557499,109.5622,1109.4
2019-02-26,43.5825,110.3182,1115.13
2019-02-27,43.717499,110.1316,1116.05
2019-02-28,43.287498,109.9942,1119.92
2019-03-01,43.7425,110.4851,1140.99
2019-03-04,43.962502,110.22,1147.8
2019-03-05,43.8825,109.6701,1162.03
2019-03-06,43.630001,109.7192,1157.86
2019-03-07,43.125,108.384,1143.3
2019-03-08,43.227501,108.5018,1142.3199
2019-03-11,44.724998,110.7796,1175.76
2019-03-12,45.227501,111.5553,1193.2
2019-03-13,45.427502,112.4193,1193.3199
2019-03-14,45.932499,112.5076,1185.55
2019-03-15,46.529999,113.8037,1184.46
2019-03-18,47.005001,115.4335,1184.26
2019-03-19,46.6325,115.512,1198.85
2019-03-20,47.040001,115.3844,1223.97
2019-03-21,48.772499,118.0353,1231.54
2019-03-22,47.762501,114.9229,1205.5
2019-03-25,47.185001,115.5219,1193.0
2019-03-26,46.697498,115.7673,1184.62
2019-03-27,47.1175,114.648,1173.02
2019-03-28,47.18,114.8051,1168.49
2019-03-29,47.487499,115.7968,1173.3101
2019-04-01,47.810001,116.8571,1194.4301
2019-04-02,48.505001,117.024,1200.49
2019-04-03,48.837502,117.7899,1205.92
2019-04-04,48.922501,117.191,1215.0
2019-04-05,49.25,117.7113,1207.15
2019-04-08,50.025002,117.7506,1203.84
2019-04-09,49.875,117.1124,1197.25
2019-04-10,50.154999,118.0059,1202.16
2019-04-11,49.737499,118.1433,1204.62
2019-04-12,49.717499,118.7521,1217.87
2019-04-15,49.807499,118.8502,1221.1
2019-04-16,49.8125,118.5753,1227.13
2019-04-17,50.782501,119.5572,1236.34
2019-04-18,50.965,121.1281,1236.37
2019-04-22,51.1325,121.511,1248.84
2019-04-23,51.869999,123.1605,1264.55
2019-04-24,51.790001,122.7383,1256.0
2019-04-25,51.32,126.8031,1263.45
2019-04-26,51.075001,127.5296,1272.1801
2019-04-29,51.1525,127.4118,1287.58
2019-04-30,50.1675,128.2267,1188.48
2019-05-01,52.630001,125.5561,1168.08
2019-05-02,52.287498,123.9165,1162.61
2019-05-03,52.9375,126.5576,1185.4
2019-05-06,52.119999,125.8212,1189.39
2019-05-07,50.715,123.239,1174.1
2019-05-08,50.724998,123.2292,1166.27
2019-05-09,50.18,123.2194,1162.38
2019-05-10,49.294998,124.8198,1164.27
2019-05-13,46.43,121.1084,1132.03
2019-05-14,47.165001,122.4634,1120.4399
2019-05-15,47.73,124.1879,1164.21
2019-05-16,47.52,127.0556,1178.98
2019-05-17,47.25,126.2081,1162.3
2019-05-20,45.772499,124.385,1138.85
2019-05-21,46.650002,125.0551,1149.63
2019-05-22,45.695,125.8139,1151.42
2019-05-23,44.915001,124.3456,1140.77
2019-05-24,44.7425,124.4047,1133.47
2019-05-28,44.557499,124.3259,1134.15
2019-05-29,44.345001,123.1236,1116.46
2019-05-30,44.575001,123.9021,1117.95
2019-05-31,43.767502,121.882,1103.63
2019-06-03,43.325001,118.0978,1036.23
2019-06-04,44.91,121.3695,1053.05
2019-06-05,45.634998,124.0007,1042.22
2019-06-06,46.305,125.9618,1044.34
2019-06-07,47.537498,129.4897,1066.04
2019-06-10,48.145,130.6723,1080.38
2019-06-11,48.702499,130.1796,1078.72
2019-06-12,48.547501,129.5784,1077.03
2019-06-13,48.537498,130.3963,1088.77
2019-06-14,48.185001,130.5245,1085.35
2019-06-17,48.4725,130.9187,1092.5
2019-06-18,49.612499,133.1951,1103.6
2019-06-19,49.467499,133.7174,1102.33
2019-06-20,49.865002,134.959,1111.42
2019-06-21,49.695,134.9788,1121.88
2019-06-24,49.645,135.77700000000002,1115.52
2019-06-25,48.892502,131.4902,1086.35
2019-06-26,49.950001,131.9829,1079.8
2019-06-27,49.935001,132.1997,1076.01
2019-06-28,49.48,132.0125,1080.91
2019-07-01,50.387501,133.7075,1097.95
2019-07-02,50.682499,134.5944,1111.25
